{"cameraMode":{"drawMode":0,"name":"Shaded","section":"Shading Mode"},"sceneLighting":false,"audioPlay":false,"sceneViewState":{"showFog":true,"showMaterialUpdate":false,"showSkybox":false,"showFlares":true,"showImageEffects":true,"showParticleSystems":true},"in2DMode":false,"pivot":{"x":-2.9802322387695315e-8,"y":0.021382279694080354,"z":0.0},"rotation":{"x":0.22425682842731477,"y":-0.6804540157318115,"z":0.23194216191768647,"w":0.6579654812812805},"size":2.183885097503662,"orthographic":false}